{
    "Epoch 0": 310.0722351074219,
    "Epoch 10": 296.1617126464844,
    "Epoch 20": 250.4434356689453,
    "Epoch 30": 262.4252014160156,
    "Epoch 40": 243.59605407714844,
    "Epoch 50": 240.66485595703125,
    "Epoch 60": 236.87266540527344,
    "Epoch 70": 203.73611450195312,
    "Epoch 80": 229.1772003173828,
    "Epoch 90": 214.13720703125,
    "Epoch 100": 206.52618408203125
}
