{
    "Epoch 0": 308.8566589355469,
    "Epoch 10": 312.6067810058594,
    "Epoch 20": 282.39776611328125,
    "Epoch 30": 291.51519775390625,
    "Epoch 40": 270.0910339355469,
    "Epoch 50": 270.2958679199219,
    "Epoch 60": 282.5943603515625,
    "Epoch 70": 251.13648986816406,
    "Epoch 80": 249.04391479492188,
    "Epoch 90": 243.01478576660156,
    "Epoch 100": 245.27664184570312
}