{
    "Epoch 0": 227.4871063232422,
    "Epoch 5": 203.8097686767578,
    "Epoch 10": 207.86538696289062,
    "Epoch 15": 206.44781494140625,
    "Epoch 20": 209.97412109375,
    "Epoch 25": 212.67117309570312,
    "Epoch 30": 212.17813110351562,
    "Epoch 35": 205.9174346923828,
    "Epoch 40": 211.75230407714844,
    "Epoch 45": 194.25547790527344,
    "Epoch 50": 206.5821533203125,
    "Epoch 55": 207.42214965820312,
    "Epoch 60": 197.0232391357422,
    "Epoch 65": 200.30165100097656,
    "Epoch 70": 190.6114501953125,
    "Epoch 75": 217.4391632080078,
    "Epoch 80": 196.4021453857422,
    "Epoch 85": 189.5196075439453,
    "Epoch 90": 200.4796905517578,
    "Epoch 95": 204.64358520507812,
    "Epoch 100": 194.38015747070312
}
