{
    "Epoch 0": 292.72027587890625,
    "Epoch 10": 243.83250427246094,
    "Epoch 20": 255.0252227783203,
    "Epoch 30": 234.11837768554688,
    "Epoch 40": 257.2950744628906,
    "Epoch 50": 257.5009460449219,
    "Epoch 60": 255.4186553955078,
    "Epoch 70": 240.37783813476562,
    "Epoch 80": 237.12359619140625,
    "Epoch 90": 245.8856658935547,
    "Epoch 100": 235.6581573486328
}