{
    "Epoch 0": 314.48699951171875,
    "Epoch 5": 240.71043395996094,
    "Epoch 10": 256.4610290527344,
    "Epoch 15": 245.9808807373047,
    "Epoch 20": 211.50277709960938,
    "Epoch 25": 239.86776733398438,
    "Epoch 30": 217.56809997558594,
    "Epoch 35": 237.3990936279297,
    "Epoch 40": 229.97633361816406,
    "Epoch 45": 229.81301879882812,
    "Epoch 50": 225.07826232910156,
    "Epoch 55": 231.44248962402344,
    "Epoch 60": 228.68360900878906,
    "Epoch 65": 214.96388244628906,
    "Epoch 70": 221.8843536376953,
    "Epoch 75": 215.9574737548828,
    "Epoch 80": 206.32118225097656,
    "Epoch 85": 214.64735412597656,
    "Epoch 90": 229.93783569335938,
    "Epoch 95": 212.39830017089844,
    "Epoch 100": 209.12196350097656
}